,mean_fit_time,std_fit_time,mean_score_time,std_score_time,param_vect__ngram_range,param_vect__sublinear_tf,params,split0_test_score,split1_test_score,split2_test_score,split3_test_score,split4_test_score,mean_test_score,std_test_score,rank_test_score
0,0.06875777244567871,0.009046373260182433,0.010192251205444336,0.0013002297544592054,"(1, 1)",False,"{'vect__ngram_range': (1, 1), 'vect__sublinear_tf': False}",0.64,0.6613333333333333,0.6443850267379679,0.6524064171122995,0.6042780748663101,0.6404805704099822,0.01950979216614239,4
1,0.05926017761230469,0.0017577332374878508,0.009543418884277344,0.0004901440438754182,"(1, 1)",True,"{'vect__ngram_range': (1, 1), 'vect__sublinear_tf': True}",0.656,0.656,0.6524064171122995,0.6550802139037433,0.5989304812834224,0.6436834224598931,0.022415170753166732,3
2,0.13946361541748048,0.011824120799486085,0.017459297180175783,0.0015324653437469487,"(1, 2)",False,"{'vect__ngram_range': (1, 2), 'vect__sublinear_tf': False}",0.648,0.648,0.6390374331550802,0.6684491978609626,0.6283422459893048,0.6463657754010695,0.013202811368437472,2
3,0.13959221839904784,0.02109528642957244,0.016396188735961915,0.001183017734842842,"(1, 2)",True,"{'vect__ngram_range': (1, 2), 'vect__sublinear_tf': True}",0.648,0.6426666666666667,0.6550802139037433,0.6711229946524064,0.6283422459893048,0.6490424242424242,0.014101353171248889,1
